,key,class,expire_time_gmt,obs_id,obs_name,valid_time_gmt,day_ind,temp,wx_icon,icon_extd,wx_phrase,pressure_tend,pressure_desc,dewPt,heat_index,rh,pressure,vis,wc,wdir,wdir_cardinal,gust,wspd,max_temp,min_temp,precip_total,precip_hrly,snow_hrly,uv_desc,feels_like,uv_index,qualifier,qualifier_svrty,blunt_phrase,terse_phrase,clds,water_temp,primary_wave_period,primary_wave_height,primary_swell_period,primary_swell_height,primary_swell_direction,secondary_swell_period,secondary_swell_height,secondary_swell_direction
std,,,,,,,,9.40002861698185,,,,0.7069839260789299,,6.793221048843662,9.381161082982128,16.12568845395315,0.16789424146301052,1.7172553901509848,9.792522100808267,87.87602389114886,,5.628556172491715,5.545527810677897,9.917560740914254,7.345523937425115,0.3026394531561876,0.02006554294130379,,,9.770571506476998,2.010205817186637,,,,,,,,,,,,,,
ratio_out_std_2,,,,,,,,0.05052588162507734,,,,0.0,,0.029490616621983913,0.0558878119199835,0.04186430191792122,0.04660754794803052,0.055269127655186635,0.05444421530212415,0.009074035883687359,,0.003918333677046814,0.027428335739327698,0.001856052794390596,0.0016498247061249743,0.0006186842647968653,0.034440090740358836,0.0,,0.05980614559703031,0.0577438647143741,,,,,,,,,,,,,,
ratio_out_std_3,,,,,,,,0.009898948236749845,,,,0.0,,0.00041245617653124357,0.006805526912765519,0.0006186842647968653,0.02062280882656218,0.04268921427098371,0.008249123530624871,0.0,,0.0014435966178593523,0.004949474118374922,0.00020622808826562179,0.0,0.00020622808826562179,0.02227263353268715,0.0,,0.006393070736234275,0.0255722829449371,,,,,,,,,,,,,,
