key,class,expire_time_gmt,obs_id,obs_name,valid_time_gmt,day_ind,temp,wx_icon,icon_extd,wx_phrase,pressure_tend,pressure_desc,dewPt,heat_index,rh,pressure,vis,wc,wdir,wdir_cardinal,gust,wspd,max_temp,min_temp,precip_total,precip_hrly,snow_hrly,uv_desc,feels_like,uv_index,qualifier,qualifier_svrty,blunt_phrase,terse_phrase,clds,water_temp,primary_wave_period,primary_wave_height,primary_swell_period,primary_swell_height,primary_swell_direction,secondary_swell_period,secondary_swell_height,secondary_swell_direction
1.0,1.0,1.0,1.0,1.0,1.0,1.0,0.9999769749717944,0.9999769749717944,0.9999769749717944,0.9999769749717944,0.2844511984527181,0.2844511984527181,0.9971909465589095,0.9957864198383644,0.9999769749717944,0.9996085745205038,0.999930924915383,0.9992401740692133,0.9369574727729042,0.9996085745205038,0.2096428818125302,0.9921024153254587,0.05832239644493564,0.05832239644493564,0.00971656190278833,0.8677902880431029,0.002256452764154636,0.9251686583316064,0.9995625244640924,1.0,0.0,0.0,0.0,0.0,0.999930924915383,0.0,0.0,0.0,0.0,0.0,0.0,0.0,0.0,0.0
