,key,class,expire_time_gmt,obs_id,obs_name,valid_time_gmt,day_ind,temp,wx_icon,icon_extd,wx_phrase,pressure_tend,pressure_desc,dewPt,heat_index,rh,pressure,vis,wc,wdir,wdir_cardinal,gust,wspd,max_temp,min_temp,precip_total,precip_hrly,snow_hrly,uv_desc,feels_like,uv_index,qualifier,qualifier_svrty,blunt_phrase,terse_phrase,clds,water_temp,primary_wave_period,primary_wave_height,primary_swell_period,primary_swell_height,primary_swell_direction,secondary_swell_period,secondary_swell_height,secondary_swell_direction
std,,,,,,,,18.019603338000927,,,,0.7092038453410188,,19.014613571799252,18.421809971975087,19.15405757459818,0.22946518934515592,2.6921845489257987,21.549278393543297,107.93568043673882,,6.023042569273956,5.473995094123829,20.05074599058465,18.774162173362672,0.4799823848848326,0.043929347788325954,0.4546554196307587,,21.949387051218107,42.65589675536698,,,,,,,,,,,,,,
ratio_out_std_2,,,,,,,,0.021252101033823766,,,,0.0,,0.03359351615205729,0.02571895650572172,0.009509336648937395,0.05270428956275471,0.10190877483824917,0.031083788077640395,0.0,,0.010061937325873224,0.04156017591121549,0.001128226382077318,0.001289401579516935,0.0004835255923188506,0.021804701710759596,6.907508461697865e-05,,0.029126660680159334,0.027975409269876357,,,,,,,,,,,,,,
ratio_out_std_3,,,,,,,,4.6050056411319105e-05,,,,0.0,,0.0002993253666735742,4.6050056411319105e-05,0.0,0.0058944072206488455,0.017867421887591814,0.001289401579516935,0.0,,0.002118302594920679,0.007966659759158204,0.0,0.0,0.00016117519743961688,0.012502590315673136,6.907508461697865e-05,,0.001082176325665999,0.019801524256867216,,,,,,,,,,,,,,
