,key,class,expire_time_gmt,obs_id,obs_name,valid_time_gmt,day_ind,temp,wx_icon,icon_extd,wx_phrase,pressure_tend,pressure_desc,dewPt,heat_index,rh,pressure,vis,wc,wdir,wdir_cardinal,gust,wspd,max_temp,min_temp,precip_total,precip_hrly,snow_hrly,uv_desc,feels_like,uv_index,qualifier,qualifier_svrty,blunt_phrase,terse_phrase,clds,water_temp,primary_wave_period,primary_wave_height,primary_swell_period,primary_swell_height,primary_swell_direction,secondary_swell_period,secondary_swell_height,secondary_swell_direction
std,,,,,,,,17.742227826553275,,,,0.7160579559636081,,19.036465486588373,18.573167148783515,19.604964602240194,0.21497000800240137,2.592001231384488,20.21880252216474,106.24079861152327,,6.100710856010458,5.114087053968724,19.526906794591795,18.149036935244883,0.4504767454525627,0.05509181309141158,0.23329531793437605,,21.03823985018318,47.3794976652739,,,,,,,,,,,,,,
ratio_out_std_2,,,,,,,,0.023201317345043066,,,,0.0,,0.034854754264482354,0.031075831785171423,0.01522124641107921,0.0557549400439115,0.08904745819962843,0.03048471541969262,0.0,,0.004728930923830434,0.037810336091876375,0.0011822327309576085,0.0013089005235602095,0.00031666948150650226,0.02096351967573045,6.333389630130046e-05,,0.03132916737037662,0.03065360580982942,,,,,,,,,,,,,,
ratio_out_std_3,,,,,,,,6.333389630130046e-05,,,,0.0,,0.0010344536395879074,0.0,2.1111298767100152e-05,0.005868941057253842,0.03491808816078365,0.0013511231210944098,0.0,,0.00139334571862861,0.006692281709170749,0.0,0.0,0.00016889039013680122,0.013321229522040196,6.333389630130046e-05,,0.0008655632494511062,0.021449079547373753,,,,,,,,,,,,,,
