,key,class,expire_time_gmt,obs_id,obs_name,valid_time_gmt,day_ind,temp,wx_icon,icon_extd,wx_phrase,pressure_tend,pressure_desc,dewPt,heat_index,rh,pressure,vis,wc,wdir,wdir_cardinal,gust,wspd,max_temp,min_temp,precip_total,precip_hrly,snow_hrly,uv_desc,feels_like,uv_index,qualifier,qualifier_svrty,blunt_phrase,terse_phrase,clds,water_temp,primary_wave_period,primary_wave_height,primary_swell_period,primary_swell_height,primary_swell_direction,secondary_swell_period,secondary_swell_height,secondary_swell_direction
std,,,,,,,,9.315338591257307,,,,0.7196240268480243,,10.35450706874817,9.364900184384677,22.191750625719028,0.10278815711655158,2.3292263231996633,9.489861328110978,59.610289207034754,,4.932214101911524,3.393926932910029,9.81793513454157,7.748141572642829,,0.058064530179822854,,,9.538788833954586,87.94228343126838,,,,,,,,,,,,,,
ratio_out_std_2,,,,,,,,0.0390991554582421,,,,0.0,,0.07006568658116985,0.039724741945573974,0.04128870816390366,0.05411323115420707,0.0653737879261808,0.04942133249921802,0.06380982170785111,,0.0015639662183296842,0.02471066624960901,0.005317485142320926,0.011573350015639663,0.0,0.003440725680325305,0.0,,0.05004691898654989,0.05505161088520488,,,,,,,,,,,,,,
ratio_out_std_3,,,,,,,,0.0015639662183296842,,,,0.0,,0.016578041914294652,0.0015639662183296842,0.0,0.003753518923991242,0.019393181107288084,0.0015639662183296842,0.008132624335314358,,0.0,0.009383797309978105,0.0,0.00031279324366593683,0.0,0.0012511729746637473,0.0,,0.0015639662183296842,0.03597122302158273,,,,,,,,,,,,,,
