,key,class,expire_time_gmt,obs_id,obs_name,valid_time_gmt,day_ind,temp,wx_icon,icon_extd,wx_phrase,pressure_tend,pressure_desc,dewPt,heat_index,rh,pressure,vis,wc,wdir,wdir_cardinal,gust,wspd,max_temp,min_temp,precip_total,precip_hrly,snow_hrly,uv_desc,feels_like,uv_index,qualifier,qualifier_svrty,blunt_phrase,terse_phrase,clds,water_temp,primary_wave_period,primary_wave_height,primary_swell_period,primary_swell_height,primary_swell_direction,secondary_swell_period,secondary_swell_height,secondary_swell_direction
std,,,,,,,,11.092368353608236,,,,,,7.375697111704062,10.979480408419287,19.935044634412662,0.22114376411250516,0.813175474648286,12.300058092606399,108.63994549982111,,6.311059735942229,6.647265209616215,,,,,,,12.197794220282237,60.26111089295177,,,,,,,,,,,,,,
ratio_out_std_2,,,,,,,,0.054717192737604205,,,,0.0,,0.039896654994662446,0.05012731207450145,0.03862145738056964,0.04743153601083295,0.05710143843952365,0.04534220571803595,0.0,,0.002105945245423619,0.041392000731057914,0.0,0.0,0.0,0.0,0.0,,0.04443669079988536,0.03944389753558715,,,,,,,,,,,,,,
ratio_out_std_3,,,,,,,,0.009080071610445821,,,,0.0,,0.0025337802755589895,0.007601340826676968,0.000976128466813709,0.0021848662704000467,0.038131316278084464,0.006733209551936265,0.0,,0.0005482934366783387,0.007667800637183433,0.0,0.0,0.0,0.0,0.0,,0.0048224899998753875,0.02714467885373442,,,,,,,,,,,,,,
