,key,class,expire_time_gmt,obs_id,obs_name,valid_time_gmt,day_ind,temp,wx_icon,icon_extd,wx_phrase,pressure_tend,pressure_desc,dewPt,heat_index,rh,pressure,vis,wc,wdir,wdir_cardinal,gust,wspd,max_temp,min_temp,precip_total,precip_hrly,snow_hrly,uv_desc,feels_like,uv_index,qualifier,qualifier_svrty,blunt_phrase,terse_phrase,clds,water_temp,primary_wave_period,primary_wave_height,primary_swell_period,primary_swell_height,primary_swell_direction,secondary_swell_period,secondary_swell_height,secondary_swell_direction
std,,,,,,,,20.90023812740848,,,,0.7121769737597483,,19.8075813408602,21.294955851110572,16.755776604451828,0.22019424092778253,2.8037581277649237,25.03498362845533,97.66569173647373,,5.66904123900084,5.209189564249004,23.791572903883125,21.585086883010963,0.41436578868188856,0.05204995892822971,0.24218556140663325,,25.399587185224277,39.50420915278861,,,,,,,,,,,,,,
ratio_out_std_2,,,,,,,,0.028970594960442676,,,,0.0,,0.0350299538116797,0.030273928751086112,0.03031965976128413,0.05592902547217268,0.11222389902592948,0.030616911327571227,0.0,,0.007957195774454657,0.040220423469154436,0.0011204097498513743,0.0018978369232176338,0.0003887135866831298,0.017332052865047787,9.146202039603055e-05,,0.03134860749073947,0.028193167787076416,,,,,,,,,,,,,,
ratio_out_std_3,,,,,,,,0.0006173686376732062,,,,0.0,,0.0004801756070791604,0.00041157909178213747,0.0005487721223761833,0.006973979055197329,0.0009146202039603055,0.0009603512141583208,0.0,,0.00338409475465313,0.00667672748891023,0.0,0.0,0.00016005853569305345,0.012347372753464123,9.146202039603055e-05,,0.0009146202039603055,0.020396030548314813,,,,,,,,,,,,,,
